game_id,game_title,genre,developer,release_date
G00000,Advanced 3rdgeneration application,Strategy,"Norton, Lee and Greer",2022-02-15
G00001,Right-sized regional info-mediaries,Racing,"Reed, Davis and White",2024-02-12
G00002,Devolved 6thgeneration workforce,Action,"Rose, Tran and Gates",2021-09-29
G00003,Mandatory well-modulated complexity,FPS,Bailey-Marshall,2018-09-24
G00004,Ergonomic asynchronous ability,Strategy,Harvey Ltd,2013-12-17
G00005,Between Democrat peace,Racing,"Day, Ross and Long",2022-03-06
G00006,Right-sized solution-oriented toolset,Puzzle,"Alvarado, Daniels and Braun",2018-07-05
G00007,Streamlined optimal focus group,Adventure,Kelly-Martinez,2011-08-27
G00008,Optional zero tolerance parallelism,Adventure,Brooks Inc,2018-02-02
G00009,Lay stay worry,Racing,"Gregory, Durham and Velazquez",2023-11-13
G00010,Organic global database,Action,Ferguson-Smith,2020-06-21
G00011,Ameliorated tertiary policy,RPG,Levy-Velasquez,2020-03-30
G00012,Customer-focused 24/7 hierarchy,Racing,"Mccarthy, Carpenter and Velasquez",2011-05-13
G00013,Intuitive 24hour website,Strategy,"Ball, Pollard and Taylor",2018-12-28
G00014,Integrated cohesive instruction set,Puzzle,"Arias, Anderson and Atkins",2019-05-28
G00015,Only by process,Adventure,Lopez Ltd,2016-11-22
G00016,Front-line solution-oriented moderator,Puzzle,Bartlett PLC,2015-07-24
G00017,Cross-group even-keeled forecast,Simulation,Washington-Waters,2013-01-07
G00018,Gun relationship letter,Adventure,Riggs-Anderson,2021-08-04
G00019,Newspaper collection move,Strategy,Dawson Group,2022-04-21
G00020,Future-proofed eco-centric installation,Strategy,Pennington PLC,2014-06-02
G00021,Official indicate career,Racing,"Johnson, Payne and Mcguire",2021-02-10
G00022,Send office true,Strategy,Murphy-Nelson,2012-02-13
G00023,Open-source human-resource migration,FPS,Murphy and Sons,2013-03-08
G00024,Deep order office,Strategy,"Donaldson, Martinez and Ryan",2010-10-04
G00025,Progressive object-oriented structure,Puzzle,Griffin-Robinson,2011-01-07
G00026,Re-engineered object-oriented architecture,Racing,"Becker, Brooks and Garrett",2017-07-21
G00027,Polarized contextually-based standardization,RPG,"Martinez, Walker and Stewart",2016-07-16
G00028,Distributed multi-state utilization,Indie,Wilson-Roberts,2023-03-14
G00029,No candidate job,FPS,Hall-House,2014-10-30
G00030,Multi-tiered zero administration project,RPG,Morgan-Hernandez,2016-10-29
G00031,Proactive hybrid alliance,Sports,"Reed, Cruz and Collins",2010-12-26
G00032,Group option actually,Indie,"Gill, Hernandez and Bruce",2013-05-22
G00033,Religious paper administration,Racing,"Phillips, Long and Huang",2017-04-18
G00034,Automated impactful migration,Adventure,"Hardy, Leonard and Lee",2017-04-26
G00035,Multi-tiered asynchronous hardware,Puzzle,Crawford-Bennett,2016-06-04
G00036,Adaptive bottom-line Internet solution,Strategy,Davis-Phillips,2021-12-18
G00037,Operative contextually-based interface,FPS,Payne-Riley,2017-09-21
G00038,User-centric uniform success,Indie,Jones Group,2024-08-21
G00039,Ameliorated value-added interface,Simulation,Shah-Glenn,2021-11-17
G00040,Real fire president,Indie,Peterson and Sons,2017-09-14
G00041,Synergistic dynamic knowledge user,Action,Espinoza Group,2025-03-19
G00042,Re-contextualized web-enabled software,Sports,Dixon Group,2016-08-01
G00043,Stand-alone impactful service-desk,Puzzle,Myers-Kelly,2020-04-27
G00044,Synchronized mobile process improvement,FPS,Christensen PLC,2023-12-28
G00045,Design serious by,Racing,Hunter Inc,2021-08-20
G00046,Drive read job,Puzzle,"Williams, Merritt and Berry",2017-08-30
G00047,Future-proofed neutral focus group,Indie,Munoz-Dodson,2015-01-22
G00048,Business-focused grid-enabled support,Sports,"Powell, Peterson and Butler",2011-10-10
G00049,Not month fine,Adventure,King-Gray,2020-06-16
G00050,Triple-buffered empowering instruction set,FPS,Chang-Martin,2013-09-22
G00051,Grass-roots grid-enabled protocol,Sports,"Mueller, Oliver and Morris",2011-10-03
G00052,Enter successful word,Racing,Guerra-Key,2022-04-28
G00053,Reverse-engineered next generation leverage,FPS,Hays-Snyder,2016-04-28
G00054,Digitized optimizing product,FPS,Torres LLC,2022-08-05
G00055,Ameliorated composite ability,Simulation,Ramos-Stephens,2012-07-23
G00056,Re-contextualized bifurcated solution,Indie,Stevens PLC,2024-06-22
G00057,Up-sized mission-critical capacity,Adventure,Parsons-Herring,2022-07-14
G00058,Finish under few,Racing,"Tran, Hall and Crawford",2015-07-20
G00059,Reverse-engineered scalable framework,Sports,Hanson and Sons,2015-02-22
G00060,National west walk,Simulation,Torres-Rice,2011-03-06
G00061,Future-proofed modular strategy,Racing,"Young, Adams and Gonzalez",2013-07-26
G00062,Assimilated tangible service-desk,Indie,Chavez-Reid,2012-08-22
G00063,Stock class bill,Simulation,"Freeman, Callahan and Vargas",2024-05-16
G00064,Activity nothing laugh,Simulation,"Haynes, Sanchez and Graham",2014-05-13
G00065,Optimized upward-trending protocol,FPS,Cooper-Lyons,2022-02-17
G00066,Persevering content-based emulation,Action,Kim LLC,2019-04-09
G00067,Right-sized full-range methodology,Strategy,Erickson Inc,2016-04-27
G00068,Else various cut,Racing,"Barker, Walker and Powell",2025-03-20
G00069,Yourself knowledge special,Racing,"Kelley, Gonzales and Robles",2016-08-15
G00070,Lose team myself,Adventure,"Woodward, Casey and Mitchell",2023-11-07
G00071,Position relationship turn,FPS,Brady-Conrad,2015-06-14
G00072,Reduced reciprocal moratorium,Action,Duarte-Deleon,2015-03-28
G00073,Page school middle,Action,Nelson-Park,2018-12-23
G00074,Synergized intangible capacity,Puzzle,Mendez LLC,2014-11-10
G00075,Self-enabling intangible firmware,Adventure,"Zhang, Sosa and Davis",2018-10-09
G00076,Customer-focused 24hour capability,RPG,Cummings Ltd,2010-07-14
G00077,Assimilated intangible matrix,Racing,"Hall, Small and Richardson",2021-06-24
G00078,Visit or toward,FPS,"West, Johnson and Hall",2019-01-31
G00079,Reduced national Internet solution,Action,Anderson-Silva,2014-08-09
G00080,Put company lead,Sports,Smith-Price,2024-07-23
G00081,Face-to-face grid-enabled adapter,RPG,"Edwards, Gonzalez and Davis",2011-03-09
G00082,Operative didactic software,FPS,Scott LLC,2017-11-18
G00083,Intuitive global Local Area Network,Sports,Lindsey-Cain,2015-06-04
G00084,White drop design,FPS,Jensen-Meadows,2017-03-06
G00085,Operative bifurcated matrix,RPG,"Anderson, Peterson and Perez",2019-06-17
G00086,Public-key tangible benchmark,Racing,Monroe-Smith,2016-05-20
G00087,Balanced composite product,FPS,"Hansen, Sparks and Black",2015-01-04
G00088,Synchronized logistical structure,Indie,Wong-Sanders,2011-07-12
G00089,Versatile zero-defect analyzer,Adventure,"Mcintosh, Glass and Harris",2013-10-08
G00090,Guess wait continue,Simulation,"Doyle, Cisneros and Williams",2017-05-14
G00091,Balanced didactic groupware,Simulation,Heath LLC,2013-07-11
G00092,Proactive modular software,Simulation,Henry-Gomez,2023-02-24
G00093,Exclusive empowering moratorium,Simulation,"Jones, Bishop and Howard",2023-09-28
G00094,Especially continue family,RPG,Foley Ltd,2017-10-01
G00095,Universal 3rdgeneration conglomeration,Racing,"Walker, Johnson and Garrison",2023-10-20
G00096,Natural study others,FPS,Turner Inc,2023-12-17
G00097,Inverse systemic approach,Puzzle,Barrera PLC,2014-06-02
G00098,Assimilated actuating customer loyalty,Indie,"Smith, Powell and Walker",2021-04-12
G00099,Sharable radical open architecture,Puzzle,Hood-Smith,2012-12-07
G00100,Front-line clear-thinking product,Indie,Smith LLC,2014-05-17
G00101,Extended eco-centric database,Indie,Charles-Graham,2021-06-11
G00102,Fundamental systematic open system,Indie,Smith Ltd,2013-05-01
G00103,Up-sized logistical approach,FPS,Cook-Guerra,2011-08-10
G00104,Quickly gas between,Adventure,Lambert-Russo,2016-09-30
G00105,Yard choice all,Racing,"Simmons, Noble and Gibbs",2019-02-06
G00106,Mandatory cohesive success,Racing,Morris-Richards,2023-10-26
G00107,Open-architected national frame,Adventure,Brooks Group,2024-11-25
G00108,Extended zero-defect complexity,RPG,"Jones, Woods and Fletcher",2018-09-12
G00109,Political successful road,FPS,Powell Ltd,2018-03-26
G00110,Late cup find,Adventure,Bowman LLC,2019-06-16
G00111,Inverse optimizing ability,Adventure,Simmons Ltd,2011-05-12
G00112,Grass-roots 6thgeneration architecture,Sports,"Carey, Rubio and Delacruz",2024-07-27
G00113,Realigned maximized secured line,Simulation,"Cox, Wolf and Shepherd",2019-07-24
G00114,User-friendly well-modulated projection,Puzzle,"Wright, Graves and Tucker",2012-12-11
G00115,Fully-configurable regional encryption,Action,Hanson PLC,2023-03-23
G00116,Assimilated systemic policy,Indie,"Johnson, Russell and Malone",2011-08-09
G00117,Reduced actuating analyzer,Puzzle,"Bailey, Peters and Smith",2016-09-07
G00118,Networked modular success,Simulation,Mccormick LLC,2016-06-03
G00119,Persistent asymmetric instruction set,Indie,Lopez-Harris,2013-01-27
G00120,Virtual system-worthy strategy,Racing,Nguyen Inc,2013-10-03
G00121,Profound global support,Adventure,Hines Ltd,2011-09-24
G00122,Digitized attitude-oriented application,Indie,"Hunter, Figueroa and Ross",2013-07-29
G00123,Focused analyzing initiative,Puzzle,Kelly-Parker,2010-09-03
G00124,Persevering incremental support,Simulation,"Jones, Taylor and Farrell",2023-10-03
G00125,Profound executive complexity,Adventure,Mendoza and Sons,2016-11-10
G00126,Cup often speech,RPG,Shaffer-Miller,2016-02-27
G00127,Organic exuding software,Adventure,Smith Inc,2024-03-03
G00128,Compatible fault-tolerant algorithm,FPS,"Patel, Dunn and Fernandez",2019-07-18
G00129,Function-based tangible extranet,Indie,"Dawson, Mathews and Davis",2020-07-26
G00130,Special perhaps they,FPS,Hill and Sons,2014-10-15
G00131,Intuitive system-worthy pricing structure,Simulation,"Martin, Clark and Wells",2010-11-27
G00132,Thousand poor company,FPS,"Morrison, Swanson and Underwood",2011-07-20
G00133,Diverse needs-based system engine,Strategy,Parks-Jennings,2023-09-07
G00134,Polarized logistical database,Action,Jacobs-Woodard,2022-09-19
G00135,Multi-tiered system-worthy open architecture,RPG,Nichols-Patterson,2018-07-30
G00136,Switchable disintermediate conglomeration,RPG,Osborne-King,2018-03-04
G00137,Fully-configurable eco-centric application,FPS,Alexander PLC,2012-09-02
G00138,Stop shoulder difference,Sports,Miller Inc,2011-12-05
G00139,Future-proofed impactful analyzer,Strategy,"Cook, Weiss and Kramer",2025-05-02
G00140,Extended stable structure,Action,Jones Inc,2018-04-28
G00141,Streamlined cohesive flexibility,Sports,"Harris, Jones and Swanson",2016-09-28
G00142,Re-contextualized encompassing framework,Action,Clark-Lopez,2023-11-09
G00143,Visionary interactive interface,FPS,"Brooks, Sullivan and Riley",2020-01-03
G00144,Ball style size,Sports,"Webb, Russell and Lewis",2012-09-13
G00145,Innovative solution-oriented collaboration,FPS,"Shah, Coleman and Colon",2017-02-09
G00146,Persevering eco-centric instruction set,Puzzle,"Woods, Moore and Walker",2017-02-28
G00147,Optional demand-driven protocol,Strategy,"Walker, Higgins and White",2016-01-15
G00148,Actually member now,Action,"Leonard, Kline and Villanueva",2011-12-15
G00149,Decentralized systemic application,Adventure,Cunningham-Harper,2021-01-02
G00150,Military nearly here,Indie,"Lee, Oneal and Reid",2012-10-26
G00151,Again together unit,RPG,Sullivan LLC,2014-11-10
G00152,Reduced fresh-thinking archive,Racing,"Payne, Morrison and Hughes",2017-02-07
G00153,Expanded full-range synergy,Racing,Wood-Patterson,2017-06-11
G00154,Centralized object-oriented database,Puzzle,Robinson Inc,2016-03-28
G00155,Innovative real-time portal,Puzzle,Williams LLC,2023-12-24
G00156,Advanced full-range info-mediaries,Simulation,Cooper Group,2011-06-14
G00157,Synchronized transitional frame,Adventure,Jones-Young,2017-12-11
G00158,Cloned multi-state superstructure,Puzzle,"Giles, Ruiz and Hughes",2010-11-12
G00159,Focused explicit monitoring,Simulation,Beasley Group,2016-01-28
G00160,Monitored next generation hub,Strategy,Johnson and Sons,2022-06-19
G00161,When woman clear,Simulation,Williams-Berg,2020-11-30
G00162,Configurable value-added concept,Simulation,Mcdaniel-Osborn,2015-01-22
G00163,Function-based bottom-line circuit,Sports,"Johnson, Oneill and Pope",2016-04-12
G00164,Triple-buffered encompassing leverage,Simulation,Smith Group,2016-07-14
G00165,Movement drug be,Adventure,Peters-Johnson,2013-03-16
G00166,Cross-group client-server array,RPG,Brown-Goodwin,2014-11-21
G00167,Networked 24/7 portal,Racing,Mcdonald-Craig,2020-10-30
G00168,Grass-roots 24/7 time-frame,Racing,"Pacheco, King and Terry",2021-12-17
G00169,Thus end democratic,Strategy,"Cobb, Howe and Hayden",2018-01-18
G00170,Front-line disintermediate model,Action,Ellis LLC,2018-01-28
G00171,Assimilated impactful analyzer,Puzzle,"Molina, Thomas and Cole",2014-07-03
G00172,De-engineered solution-oriented Graphical User Interface,Strategy,"Mitchell, Walters and Walker",2013-10-03
G00173,Fundamental multi-state interface,Action,Shaffer-Smith,2011-09-25
G00174,Automated incremental parallelism,Sports,"Hall, Shaffer and Lozano",2022-07-19
G00175,Inverse dynamic circuit,Racing,"Rodriguez, Brown and Vargas",2025-04-01
G00176,User-centric regional algorithm,Sports,Martinez-Washington,2017-07-19
G00177,Organic upward-trending moratorium,Adventure,"Williams, Liu and Everett",2013-11-03
G00178,Face-to-face bi-directional functionalities,Sports,Moreno and Sons,2012-04-02
G00179,Cross-group 4thgeneration process improvement,Puzzle,"Johnson, Mccarty and Butler",2014-03-06
G00180,Front-line didactic Local Area Network,Puzzle,Kennedy-Carroll,2011-03-19
G00181,Profit-focused demand-driven project,Puzzle,"White, Wagner and Banks",2021-03-13
G00182,Secured modular portal,Puzzle,Webb PLC,2020-09-05
G00183,Switchable tangible artificial intelligence,Action,Wiggins-Stuart,2015-10-25
G00184,Persevering client-driven capacity,Adventure,Alvarado-Williams,2019-08-18
G00185,Synergized well-modulated service-desk,FPS,Harris-Hughes,2013-11-18
G00186,Ergonomic grid-enabled function,Strategy,Castro Ltd,2017-08-04
G00187,Black add war,Action,"Johnson, Rivera and Zamora",2019-03-30
G00188,Remain assume again,Strategy,"Nelson, Guzman and Robinson",2018-04-22
G00189,Self-enabling transitional data-warehouse,Strategy,"Wright, Reynolds and Perry",2024-06-28
G00190,She science watch,Action,Clark Inc,2017-02-12
G00191,Advanced heuristic standardization,Sports,"White, Parker and Freeman",2012-09-24
G00192,Open-architected reciprocal neural-net,Adventure,Ward Group,2018-01-31
G00193,Cloned neutral capacity,Action,"Mason, Mccann and Smith",2023-10-11
G00194,Organic fresh-thinking installation,Racing,"Lewis, Marshall and Hall",2023-06-07
G00195,Quality-focused national support,Puzzle,"Mcintosh, Rivera and Raymond",2016-03-06
G00196,Letter feel number,RPG,Hansen-Holland,2015-09-11
G00197,Streamlined didactic framework,Racing,Carney-Shaw,2019-02-07
G00198,Field box whatever,Action,Hill LLC,2018-08-12
G00199,Accept national site,Strategy,Krueger LLC,2018-04-23
G00200,Upgradable scalable toolset,Puzzle,Glover Ltd,2019-09-26
G00201,Multi-layered demand-driven matrix,Simulation,Sanchez Group,2020-08-10
G00202,Innovative maximized extranet,Sports,White-Guzman,2024-01-23
G00203,Digitized multi-state standardization,Indie,"Klein, Morris and Fuentes",2016-10-05
G00204,Phased methodical time-frame,RPG,"Scott, Robinson and Henry",2016-11-03
G00205,Digitized motivating software,RPG,"Nunez, Wu and Goodwin",2014-12-20
G00206,Word pick yard,Sports,Solomon PLC,2015-03-31
G00207,Lay through baby,Action,"Austin, Walker and Fritz",2015-09-12
G00208,Visionary incremental emulation,Sports,"Jones, Barnett and Smith",2020-06-20
G00209,Life local turn,Adventure,"George, Miller and Savage",2023-06-26
G00210,Re-contextualized uniform strategy,Puzzle,Zamora-Neal,2013-08-15
G00211,Indeed argue respond,Adventure,"Davis, Mcneil and Parker",2010-07-31
G00212,Multi-layered dedicated superstructure,RPG,Melendez-Rogers,2019-08-13
G00213,Director partner range,Puzzle,"Johnson, Coffey and Mcdonald",2020-05-02
G00214,Focused static complexity,Action,Scott and Sons,2014-09-05
G00215,Enhanced context-sensitive pricing structure,RPG,Simmons Ltd,2014-09-04
G00216,Today anything likely,FPS,"Gallagher, Evans and Huerta",2011-07-12
G00217,Diverse motivating Graphic Interface,Action,Cox-Ferguson,2021-12-08
G00218,Implemented full-range function,RPG,"Curtis, Duarte and Bishop",2022-07-29
G00219,Intuitive responsive collaboration,Puzzle,Davis Group,2019-08-07
G00220,Progressive eco-centric array,Adventure,Black LLC,2016-01-12
G00221,Exclusive system-worthy secured line,Strategy,Ortiz-Phillips,2011-08-03
G00222,Networked even-keeled instruction set,Adventure,"Olson, Oconnor and Robinson",2024-02-03
G00223,Him peace shoulder,Action,Montoya Group,2019-07-22
G00224,Balanced modular hardware,Adventure,"Key, Shaw and Marshall",2018-09-21
G00225,Development focus eye,Adventure,Lawson-Wilkerson,2011-10-18
G00226,Ahead on television,Strategy,Parker-Hendricks,2015-11-28
G00227,Re-contextualized regional focus group,Simulation,"Roberts, Barnes and Lopez",2018-01-22
G00228,Future-proofed discrete parallelism,Racing,"Rodriguez, Fox and Howard",2016-03-03
G00229,Focused national matrix,Racing,Johnson PLC,2011-02-20
G00230,Quickly actually weight,Racing,Williams-Lopez,2010-09-17
G00231,Reactive neutral definition,Strategy,"King, Huerta and Weaver",2012-08-11
G00232,Front-line exuding open system,Strategy,Scott Group,2014-01-29
G00233,Public-key systematic encryption,Strategy,Price-Webb,2015-07-24
G00234,Managed actuating focus group,FPS,Bell-Bryant,2017-02-19
G00235,Debate she visit,Simulation,Harris-Wright,2017-12-02
G00236,Threat respond drive,Simulation,Davies-Wolfe,2018-02-08
G00237,Rich decide design,Simulation,Martin Ltd,2016-11-14
G00238,Extended didactic structure,FPS,"Garrett, Cochran and Perez",2013-04-12
G00239,Devolved dynamic challenge,Strategy,Stanley-Reese,2023-07-21
G00240,Total systematic productivity,Simulation,"Stanton, Ramirez and Lambert",2023-06-24
G00241,Progressive bandwidth-monitored Graphic Interface,Strategy,"Rodriguez, Ayala and Morgan",2014-07-15
G00242,Programmable human-resource solution,Indie,"Perry, Carroll and Pitts",2018-10-16
G00243,Optimized dynamic capability,Racing,Howe-Anderson,2024-12-26
G00244,Quality degree ago,Sports,Andrade LLC,2023-09-17
G00245,Share address upon,Action,Monroe-Alexander,2018-03-04
G00246,Future-proofed mobile extranet,Sports,Greer Inc,2011-06-16
G00247,Intuitive impactful model,Simulation,"Powell, Hill and Simmons",2012-05-02
G00248,Re-engineered system-worthy flexibility,RPG,"Turner, Lucas and Forbes",2022-08-20
G00249,Cross-platform web-enabled encoding,Action,"Cline, King and Maxwell",2017-02-03
G00250,Force series price,FPS,"Thompson, Holland and Mckinney",2024-11-20
G00251,Decentralized fault-tolerant synergy,Indie,Preston PLC,2021-10-20
G00252,Three magazine yes,Sports,Miller-Coffey,2012-02-17
G00253,Intuitive system-worthy initiative,RPG,Williams-Mercado,2023-09-07
G00254,Yourself fund sell,Strategy,"Patel, Leon and Hughes",2015-09-11
G00255,Advanced system-worthy utilization,Adventure,Edwards PLC,2022-07-03
G00256,Horizontal optimal middleware,FPS,Salas Inc,2016-10-21
G00257,Reactive next generation Graphic Interface,Simulation,"Horn, Brooks and Long",2014-02-06
G00258,Upgradable optimal interface,Adventure,Howard-Trujillo,2021-04-28
G00259,Ergonomic explicit approach,Simulation,Williams-Peterson,2019-07-26
G00260,Multi-lateral bi-directional monitoring,RPG,Baker-Solis,2017-09-30
G00261,Profit-focused secondary synergy,Adventure,"Harris, Smith and Craig",2012-10-02
G00262,Edge share place,RPG,"Cross, Briggs and Jones",2011-12-16
G00263,Multi-layered needs-based portal,Adventure,Harper Ltd,2017-11-30
G00264,Keep hope add,Adventure,"Velazquez, Mcfarland and Juarez",2016-12-21
G00265,Fully-configurable fresh-thinking hardware,Strategy,Clark Inc,2017-03-02
G00266,Upgradable intermediate solution,Action,Lawson and Sons,2020-10-09
G00267,Re-engineered tertiary installation,Simulation,Cummings-Berger,2022-09-23
G00268,Control professor live,Racing,"Woods, Mason and Davis",2023-11-04
G00269,Fully-configurable optimizing approach,FPS,Rogers-Rodriguez,2019-05-05
G00270,Cloned didactic Graphical User Interface,Sports,Vasquez-Hoover,2017-09-22
G00271,News process black,Puzzle,Allen-Parks,2023-02-13
G00272,Phased 6thgeneration process improvement,Simulation,"Bailey, Garcia and Perry",2011-03-27
G00273,Organized zero-defect projection,RPG,Jordan PLC,2018-01-04
G00274,Operative 5thgeneration model,Indie,Suarez and Sons,2015-02-19
G00275,Pre-emptive tangible time-frame,Indie,Chavez LLC,2017-10-16
G00276,Seamless context-sensitive data-warehouse,Sports,Moore-Barrera,2015-10-14
G00277,Face-to-face client-driven neural-net,Puzzle,"Nichols, Sheppard and Parker",2018-01-19
G00278,Fully-configurable tertiary website,Action,"Baker, Mcguire and Clark",2011-03-25
G00279,Opportunity call like,Action,"Davies, Holloway and Owen",2013-06-18
G00280,Air scientist president,Adventure,Shea-Williams,2012-09-27
G00281,Down-sized full-range protocol,Strategy,"Webster, Ballard and Bryant",2013-01-05
G00282,Campaign environment compare,Sports,Weiss-Daniels,2019-05-14
G00283,Image direction responsibility,FPS,Garcia LLC,2011-05-26
G00284,Robust well-modulated function,Adventure,"Brown, Knight and Watson",2025-02-10
G00285,Function-based human-resource methodology,Racing,Middleton-Wilson,2018-11-20
G00286,Public-key 3rdgeneration time-frame,Simulation,"Munoz, Cummings and Soto",2021-04-02
G00287,Just consumer end,Indie,Gray-Moore,2024-09-24
G00288,Self-enabling clear-thinking website,RPG,Bradford Ltd,2020-07-09
G00289,Cross-group demand-driven challenge,Strategy,"Colon, Meadows and Johnson",2019-05-15
G00290,Integrated interactive portal,Action,Jones-Silva,2018-07-20
G00291,Magazine edge reveal,Puzzle,Ball Inc,2015-08-06
G00292,User-centric discrete function,Simulation,Palmer LLC,2022-12-05
G00293,Return water lose,Puzzle,Torres-Joseph,2014-05-25
G00294,Own none or,Indie,Anderson-Clark,2024-08-26
G00295,Organic didactic service-desk,RPG,Watkins-Alvarez,2024-12-31
G00296,Attorney prove economy,Action,Ayers-Cook,2016-10-26
G00297,Exclusive mobile initiative,RPG,Lowe Ltd,2019-10-01
G00298,Centralized responsive collaboration,RPG,"King, Murray and Villa",2012-03-26
G00299,Upgradable executive standardization,Puzzle,Todd Group,2025-01-28
G00300,Keep leave visit,Racing,Mendez-Williams,2021-02-01
G00301,Class thought source,Racing,Pierce Ltd,2023-11-29
G00302,Diverse intermediate superstructure,Strategy,Wade Group,2022-06-30
G00303,Order job man,Sports,Clay Group,2025-01-28
G00304,Capital choose author,Adventure,"Burton, Marsh and Rodriguez",2010-10-27
G00305,Re-contextualized local moratorium,Sports,"Ibarra, Hayes and Cook",2012-03-10
G00306,Triple-buffered interactive functionalities,Sports,Murray LLC,2012-12-02
G00307,Mandatory attitude-oriented groupware,Adventure,Gilbert-Mccann,2021-01-11
G00308,Ameliorated multi-state core,Strategy,Martin-Dixon,2019-01-08
G00309,Enterprise-wide foreground archive,Racing,Tapia Group,2022-03-12
G00310,Among truth bed,FPS,"Meyer, Johnson and Mcdaniel",2019-04-02
G00311,Heart economic compare,FPS,Sutton Group,2023-05-29
G00312,Seamless high-level Graphical User Interface,FPS,Lane-Sandoval,2017-04-30
G00313,Agreement treat it,Adventure,Allen-Anderson,2019-06-16
G00314,User-friendly intangible alliance,Simulation,Chambers Inc,2011-12-30
G00315,Cross-group logistical Graphic Interface,Indie,Mcfarland-Ball,2020-09-25
G00316,Synchronized bi-directional access,Strategy,Bryant PLC,2012-02-20
G00317,Automated 5thgeneration attitude,FPS,Cook-Bruce,2016-04-02
G00318,Multi-tiered responsive projection,Action,"Haney, Flynn and Allen",2011-12-10
G00319,Woman baby major,Action,Gomez Inc,2025-06-03
G00320,Synergistic directional service-desk,Puzzle,Robinson-Martin,2022-03-28
G00321,Face-to-face transitional strategy,Sports,Keller Inc,2016-11-13
G00322,User-friendly responsive projection,Sports,Anderson-Williams,2010-11-22
G00323,Synchronized multi-tasking application,Adventure,"Torres, Dorsey and Perry",2012-03-19
G00324,Main fire key,Puzzle,Dixon Group,2023-09-28
G00325,Second southern history,Simulation,Wilson Inc,2013-01-07
G00326,Fundamental didactic conglomeration,Sports,White-Clark,2010-08-04
G00327,Vision-oriented exuding intranet,RPG,Mcgrath-Davis,2014-06-03
G00328,Re-engineered multi-state time-frame,Sports,Simpson-Hall,2016-05-18
G00329,Polarized exuding parallelism,Adventure,Lopez-Harris,2011-09-21
G00330,Which police will,Simulation,Rosales-Schultz,2019-09-28
G00331,Visionary mobile challenge,Puzzle,Zimmerman Inc,2019-03-05
G00332,Streamlined high-level structure,Sports,Daniels-Fritz,2024-05-29
G00333,Change mind might,Sports,"Lang, Anderson and Day",2019-07-05
G00334,Team-oriented hybrid Graphical User Interface,Strategy,Allison-Miranda,2024-12-07
G00335,Devolved bottom-line structure,Indie,Thompson-Carroll,2013-07-05
G00336,Cross-group upward-trending pricing structure,Puzzle,"Thompson, Hamilton and Johnson",2023-03-11
G00337,Progressive local installation,Puzzle,"Perry, Simpson and Erickson",2020-02-18
G00338,Month today dark,Simulation,"Anderson, Roberts and Martin",2013-05-16
G00339,Reason true prepare,Strategy,Lee Ltd,2012-09-26
G00340,Concern many fight,Puzzle,King-Raymond,2022-06-14
G00341,Organized motivating adapter,Strategy,Escobar-Martinez,2020-01-20
G00342,Extended intangible toolset,Racing,Edwards-Morales,2015-08-20
G00343,Re-engineered static ability,Puzzle,Johnson Inc,2011-06-26
G00344,Fast friend interesting,Indie,King Ltd,2010-07-17
G00345,Too with difficult,FPS,Price-Williamson,2015-02-19
G00346,More difficult dark,Action,Terry-Dougherty,2021-07-03
G00347,Trip former during,Racing,Jimenez-Glass,2025-04-16
G00348,Seamless 4thgeneration matrices,Simulation,Hunter and Sons,2023-06-15
G00349,Cross-group encompassing policy,FPS,"Diaz, Sparks and Johnson",2021-05-25
G00350,Study yard second,Action,"Mills, Barker and Simmons",2012-12-28
G00351,Total optimizing instruction set,RPG,Frye Ltd,2017-02-10
G00352,Production buy move,Racing,Williams-Murphy,2019-03-31
G00353,Happen pretty against,Sports,Esparza-Gilmore,2012-12-27
G00354,Virtual systemic Graphic Interface,Indie,Alvarez Inc,2023-06-26
G00355,Universal heuristic process improvement,Racing,Singh-Lewis,2019-12-16
G00356,Re-engineered multi-tasking circuit,Action,Myers-Wood,2014-12-01
G00357,Say ball sea,Adventure,"Bailey, Garcia and Ross",2013-11-04
G00358,Business-focused transitional service-desk,Simulation,Morgan-Taylor,2017-12-22
G00359,Adaptive explicit analyzer,FPS,"French, Jackson and Jones",2017-12-01
G00360,Balanced encompassing matrices,Action,"Peterson, Rosales and Johnson",2021-03-13
G00361,Right-sized asymmetric moderator,Indie,"Jones, Munoz and Copeland",2020-01-29
G00362,Face-to-face composite protocol,RPG,Lopez PLC,2019-07-01
G00363,Re-contextualized bandwidth-monitored standardization,Simulation,Mckenzie LLC,2015-07-06
G00364,Four money smile,Indie,Sherman-Harper,2015-07-14
G00365,Upgradable directional project,Indie,Owens-Brown,2013-06-02
G00366,Economy day establish,Sports,"Hall, Lewis and Lane",2017-03-06
G00367,Ameliorated discrete emulation,Simulation,Duncan Inc,2013-10-07
G00368,Quality-focused national structure,Adventure,Galloway Group,2020-11-24
G00369,Sense without family,RPG,Williams Group,2023-02-02
G00370,Front-line leadingedge functionalities,Strategy,Singh Inc,2016-08-03
G00371,Fundamental secondary artificial intelligence,Racing,Hall Group,2021-05-18
G00372,Centralized object-oriented collaboration,Racing,Collins PLC,2023-07-18
G00373,Enterprise-wide grid-enabled approach,Strategy,Thompson-Allen,2014-10-08
G00374,Switchable mobile initiative,Puzzle,"Wood, Rose and Wallace",2012-06-21
G00375,Programmable value-added application,Action,"Hess, Shields and Hensley",2021-09-07
G00376,Part identify manager,Strategy,"Figueroa, Vazquez and Richardson",2018-08-08
G00377,Object-based national groupware,Action,Murphy PLC,2025-04-30
G00378,Multi-lateral national workforce,Racing,"Weber, Lynch and Webb",2010-08-23
G00379,Top space group,RPG,Powell LLC,2023-08-31
G00380,Least course large,RPG,Wright PLC,2012-05-30
G00381,Business-focused zero tolerance adapter,Simulation,Powers PLC,2024-08-03
G00382,Enterprise-wide optimizing moderator,FPS,"Boyd, Grant and Weaver",2023-09-09
G00383,Page kind around,Strategy,Martinez LLC,2017-02-16
G00384,Universal content-based software,Simulation,Holland Ltd,2018-12-03
G00385,Switchable optimizing groupware,FPS,"Butler, Harmon and Hays",2018-09-15
G00386,Integrated bandwidth-monitored standardization,Action,"Dunn, Kennedy and Maxwell",2012-10-11
G00387,Pre-emptive logistical core,Racing,Sanchez Inc,2014-11-01
G00388,Horizontal even-keeled model,Adventure,Smith and Sons,2022-10-29
G00389,Optional well-modulated complexity,Indie,Zavala-Russell,2012-06-02
G00390,De-engineered dedicated Graphic Interface,Adventure,"Anderson, Fox and Gomez",2011-10-04
G00391,Programmable full-range policy,Simulation,Brown Ltd,2023-10-12
G00392,Past fill health,Strategy,Spencer-Beasley,2015-11-26
G00393,Fundamental grid-enabled extranet,Racing,"Reyes, Butler and Mcfarland",2022-11-02
G00394,Assimilated holistic workforce,RPG,"Gonzalez, Shelton and Young",2018-06-02
G00395,User-friendly uniform knowledge user,Racing,Griffith-Powell,2015-03-31
G00396,Down-sized multimedia flexibility,FPS,Burns-Dixon,2016-04-20
G00397,Multi-layered tertiary application,Adventure,"Ramirez, Craig and Gibbs",2021-06-14
G00398,Hundred town represent,Action,"Young, Trevino and Lee",2013-09-07
G00399,Vision-oriented interactive concept,RPG,Estes LLC,2018-05-14
G00400,Cross-platform system-worthy installation,Strategy,Wang and Sons,2015-12-22
G00401,Business-focused fault-tolerant portal,Racing,"Walker, Carlson and Walsh",2012-01-18
G00402,Put across such,Adventure,"Clark, Olson and Miller",2010-07-11
G00403,Seamless zero administration Graphic Interface,FPS,"Henderson, Miller and Humphrey",2023-11-14
G00404,Sure moment reduce,Action,"Farmer, Olson and Knapp",2011-10-17
G00405,Visionary bandwidth-monitored attitude,Sports,"Moore, Castaneda and Williams",2014-02-04
G00406,Upgradable zero-defect process improvement,Sports,"Hall, White and Mitchell",2018-08-17
G00407,Versatile clear-thinking budgetary management,Strategy,Garcia-Kim,2014-02-05
G00408,Ergonomic demand-driven framework,Racing,Jones-Green,2023-06-11
G00409,Open-architected static flexibility,Indie,"Lopez, White and Hughes",2015-12-11
G00410,Fully-configurable neutral synergy,FPS,"Weiss, Henry and Grant",2016-12-24
G00411,Local pass for,FPS,Myers Ltd,2016-08-30
G00412,Networked client-server algorithm,Action,"Rangel, Pace and Torres",2010-09-18
G00413,Automated client-server help-desk,RPG,Taylor-Smith,2017-09-01
G00414,Open-architected leadingedge strategy,Indie,Potter LLC,2014-12-29
G00415,Integrated full-range instruction set,RPG,Moore PLC,2020-05-17
G00416,After during loss,RPG,Stephens-Dalton,2018-08-09
G00417,Series late case,Indie,Perez-Gray,2020-09-23
G00418,Streamlined empowering utilization,RPG,Sosa Ltd,2018-10-28
G00419,Horizontal human-resource standardization,Adventure,Anderson-Kim,2013-05-09
G00420,User-centric executive paradigm,Simulation,"Smith, Chapman and Blair",2013-06-29
G00421,Multi-tiered holistic access,Sports,Hoffman-Francis,2016-01-13
G00422,Season itself important,Action,Cooper PLC,2021-07-05
G00423,Up-sized regional product,Simulation,"Murphy, Trevino and Smith",2012-08-03
G00424,Democratic would draw,Simulation,Walker and Sons,2017-10-28
G00425,Cross-platform hybrid Internet solution,Simulation,"Walton, Miller and Smith",2019-05-07
G00426,Fundamental analyzing instruction set,Puzzle,Johns-Perkins,2021-08-20
G00427,Visionary real-time strategy,FPS,Jones-Mclaughlin,2012-03-01
G00428,Distributed 3rdgeneration circuit,Action,Barton Group,2019-10-20
G00429,Synergized directional initiative,RPG,"Wallace, Thomas and Martinez",2021-11-07
G00430,Upgradable real-time throughput,Indie,Brown-Carter,2018-06-28
G00431,Cloned non-volatile function,Action,Wise LLC,2016-02-09
G00432,Tough human movie,Sports,Stewart LLC,2024-01-27
G00433,Triple-buffered explicit capability,FPS,"Shaffer, Hickman and Dennis",2018-01-18
G00434,Networked secondary analyzer,Racing,"Walker, Woods and Brown",2017-10-31
G00435,Triple-buffered tangible capability,Simulation,Rodriguez-Flores,2017-07-24
G00436,Recognize political capital,Puzzle,"Johnson, Thompson and Esparza",2022-04-18
G00437,Programmable context-sensitive matrix,Simulation,Simmons-Hartman,2013-02-15
G00438,User-centric asynchronous service-desk,FPS,"Ryan, Romero and Frederick",2016-02-24
G00439,Balanced explicit groupware,Puzzle,Woodward-Beck,2010-12-01
G00440,Somebody add common,Puzzle,"Mayer, Martin and Patton",2012-12-19
G00441,Miss agreement than,Simulation,Miranda Ltd,2024-05-28
G00442,Pre-emptive logistical service-desk,Strategy,Vance-Hoover,2016-04-12
G00443,Proactive impactful website,Strategy,Farrell Ltd,2019-10-06
G00444,Reactive global functionalities,Adventure,Anderson-Jackson,2021-07-09
G00445,Customizable didactic ability,FPS,Castillo Inc,2019-12-23
G00446,Visionary grid-enabled definition,Action,"Rodriguez, Farley and Barrett",2013-05-22
G00447,Polarized directional migration,Indie,Walker PLC,2011-12-31
G00448,Horizontal tangible product,Racing,"Donaldson, Buchanan and Harvey",2011-08-06
G00449,Evening them they,FPS,Rivas and Sons,2016-03-30
G00450,Diverse interactive utilization,Simulation,"Macias, James and Bradley",2018-07-19
G00451,Versatile encompassing conglomeration,Sports,Browning-Smith,2012-11-16
G00452,Multi-channeled intangible solution,Indie,Gonzalez-Leach,2020-01-08
G00453,Simply marriage rule,RPG,"Johnson, Haas and Thompson",2017-07-07
G00454,Configurable modular frame,Indie,"Dean, Nelson and Bell",2025-01-16
G00455,Inverse national budgetary management,Racing,"Olson, White and Daugherty",2013-03-10
G00456,Streamlined non-volatile knowledgebase,Sports,Mcclain-Mitchell,2017-02-21
G00457,Fire detail laugh,Indie,"Henderson, Dixon and Brooks",2010-11-20
G00458,Above big once,Racing,Ortiz-Henry,2022-09-10
G00459,Follow trial training,Simulation,"Munoz, Diaz and Bradley",2018-11-24
G00460,Adaptive 24hour project,FPS,Lewis-Graves,2017-05-06
G00461,Ergonomic homogeneous groupware,Simulation,"Ramos, Rhodes and Foster",2024-04-04
G00462,Visionary 3rdgeneration encoding,Puzzle,"Becker, May and English",2014-12-28
G00463,Often art join,Indie,"Brown, Bonilla and Hill",2020-10-08
G00464,Reduced global success,Strategy,Wilkerson Ltd,2014-12-25
G00465,Multi-lateral multimedia projection,Sports,Myers Group,2012-08-02
G00466,Your security bit,Sports,"Jensen, Taylor and Johnson",2016-11-05
G00467,Multi-layered contextually-based throughput,Strategy,"Huang, Clark and Nguyen",2014-01-01
G00468,Multi-tiered demand-driven analyzer,Sports,Pierce Group,2011-02-12
G00469,Several affect door,Sports,"Perry, Cisneros and Black",2020-07-12
G00470,Sharable asynchronous alliance,Simulation,"Phillips, Baker and Soto",2020-08-04
G00471,Profit-focused maximized Graphical User Interface,Sports,Morgan PLC,2015-07-06
G00472,Advanced transitional orchestration,Simulation,Nolan Inc,2018-09-17
G00473,Open-source clear-thinking analyzer,Puzzle,Jones and Sons,2022-08-24
G00474,Triple-buffered object-oriented Graphical User Interface,FPS,Phillips-Moore,2022-08-14
G00475,De-engineered multimedia portal,Strategy,"Knox, Brown and Martinez",2018-08-02
G00476,Future-proofed logistical hub,Action,Alexander-Erickson,2019-11-05
G00477,Single process idea,FPS,Valdez-Obrien,2023-08-27
G00478,Quality-focused impactful analyzer,Action,Guerrero LLC,2013-07-23
G00479,Persevering secondary task-force,Simulation,Ramos-Byrd,2023-07-03
G00480,Push body ready,Indie,Phillips PLC,2012-05-18
G00481,Managed logistical monitoring,Indie,Williams-Dorsey,2018-02-04
G00482,Exclusive zero-defect hardware,Sports,Fowler PLC,2023-10-21
G00483,Require four sort,FPS,Green-Hardy,2013-05-21
G00484,Design line coach,Puzzle,May and Sons,2024-03-24
G00485,Devolved motivating task-force,Simulation,"Olsen, Mendoza and Hall",2016-12-27
G00486,Intuitive bottom-line encryption,Sports,"Daniels, West and Montoya",2023-03-22
G00487,Stand-alone web-enabled workforce,FPS,"Hill, Harrison and Kelly",2025-01-12
G00488,Versatile value-added neural-net,Sports,"Bowers, James and Henderson",2010-09-11
G00489,Monitored tangible customer loyalty,Puzzle,Rubio PLC,2014-05-10
G00490,Re-contextualized bifurcated software,Puzzle,Coffey-Jones,2011-08-25
G00491,Reduced secondary throughput,Adventure,Andrews-Campbell,2016-02-02
G00492,Multi-channeled national solution,RPG,Anderson and Sons,2023-09-09
G00493,Quality-focused asymmetric methodology,Sports,Mcfarland-Glover,2011-03-14
G00494,Synergized dynamic firmware,RPG,Bradley-Miller,2011-10-12
G00495,Compatible intangible secured line,Simulation,"Kelley, Smith and Fowler",2017-01-04
G00496,Later relationship still,Sports,"Johnson, Ramos and Sandoval",2014-03-28
G00497,Fully-configurable user-facing leverage,Sports,Kirk and Sons,2013-01-13
G00498,Ameliorated didactic initiative,Puzzle,Ramirez PLC,2014-01-03
G00499,Goal quite hour,Adventure,Johnson-Williams,2010-09-08
